time,amplitude
0.0,-3.2641266653362186
0.005005005005005005,-4.15048557681866
0.01001001001001001,-4.889517834083735
0.015015015015015015,-5.454990566830754
0.02002002002002002,-5.826831616218335
0.025025025025025023,-5.9918420211386705
0.03003003003003003,-5.944164531778931
0.035035035035035036,-5.685491519997504
0.04004004004004004,-5.225004906477345
0.04504504504504504,-4.57905023701693
0.050050050050050046,-3.7705564770267683
0.055055055055055056,-2.828222119348332
0.06006006006006006,-1.785496495511945
0.06506506506506507,-0.6793924500591089
0.07007007007007007,0.4508274764672063
0.07507507507507508,1.5650447202934208
0.08008008008008008,2.6237087527968113
0.08508508508508508,3.5892409757718484
0.09009009009009009,4.427368620570858
0.09509509509509509,5.108341302707486
0.10010010010010009,5.60798704880278
0.10510510510510511,5.908570310881995
0.11011011011011011,5.999421511736331
0.11511511511511512,5.877315774852966
0.12012012012012012,5.546587395422863
0.12512512512512514,5.018975989135396
0.13013013013013014,4.313209779899949
0.13513513513513514,3.4543408182156154
0.14014014014014015,2.472855727441105
0.14514514514514515,1.4035935431330053
0.15015015015015015,0.2845090580932055
0.15515515515515516,-0.8446744302674383
0.16016016016016016,-1.943875147838741
0.16516516516516516,-2.974075596297685
0.17017017017017017,-3.898707527800622
0.17517517517517517,-4.684949980479463
0.18018018018018017,-5.304894299355653
0.18518518518518517,-5.736534788803784
0.19019019019019018,-5.964549832121882
0.19519519519519518,-5.98084575139647
0.20020020020020018,-5.784844102679317
0.20520520520520522,-5.383502208575735
0.21021021021021022,-4.791066199414601
0.21521521521521522,-4.028565329111434
0.22022022022022023,-3.1230655156125797
0.22522522522522523,-2.1067086024320307
0.23023023023023023,-1.0155714438891463
0.23523523523523523,0.11161468776246355
0.24024024024024024,1.2348389170763112
0.24524524524524524,2.3142310012632534
0.2502502502502503,3.3114765741103342
0.2552552552552553,4.1911771621229015
0.2602602602602603,4.92210669742383
0.2652652652652653,5.478319925919008
0.2702702702702703,5.84007336640147
0.2752752752752753,5.994526130003762
0.2802802802802803,5.936195723539252
0.2852852852852853,5.667152657425203
0.2902902902902903,5.1969469503371215
0.2952952952952953,4.542269139403023
0.3003003003003003,3.726357828803076
0.3053053053053053,2.7781748065748584
0.3103103103103103,1.7313770098803478
0.3153153153153153,0.6231218301077709
0.3203203203203203,-0.5072518350084011
0.3253253253253253,-1.6196199645518679
0.3303303303303303,-2.674497666514074
0.3353353353353353,-3.634440743207282
0.34034034034034033,-4.465374819691325
0.34534534534534533,-5.137804856145463
0.35035035035035034,-5.627862111037526
0.35535535535535534,-5.918151391828749
0.36036036036036034,-5.998368518995414
0.36536536536536535,-5.865666085713021
0.37037037037037035,-5.524754530107466
0.37537537537537535,-4.987734932387744
0.38038038038038036,-4.273669471934287
0.38538538538538536,-3.4079047915034133
0.39039039039039036,-2.421172286578048
0.39539539539539537,-1.3484972562147686
0.40040040040040037,-0.22795563643625705
0.40540540540540543,0.9006775525344548
0.41041041041041043,1.997340070149356
0.41541541541541543,3.0231045146537516
0.42042042042042044,3.94156009968855
0.42542542542542544,4.720105100495076
0.43043043043043044,5.331104092734736
0.43543543543543545,5.7528689062908756
0.44044044044044045,5.970428473875622
0.44544544544544545,5.976060247707043
0.45045045045045046,5.769564320959651
0.45545545545545546,5.358270523706121
0.46046046046046046,4.756778241470938
0.46546546546546547,3.986438191860282
0.47047047047047047,3.0745945542522906
0.4754754754754755,2.0536143540977543
0.4804804804804805,0.9597385550446909
0.4854854854854855,-0.16820435919796634
0.4904904904904905,-1.2901766502432064
0.4954954954954955,-2.366352514409809
0.5005005005005005,-3.358531749219594
0.5055055055055055,-4.231495717155812
0.5105105105105106,-4.954257475060118
0.5155155155155156,-5.501161694268578
0.5205205205205206,-5.85279532845152
0.5255255255255256,-5.996676703868464
0.5305305305305306,-5.9276985719211295
0.5355355355355356,-5.648309397302591
0.5405405405405406,-5.168426446693893
0.5455455455455456,-4.505083763033032
0.5505505505505506,-3.6818275209481675
0.5555555555555556,-2.727880225966655
0.5605605605605606,-1.6771034252902093
0.5655655655655656,-0.5667957500084936
0.5705705705705706,0.5636310462598758
0.5755755755755756,1.6740510566421862
0.5805805805805806,2.7250485400455933
0.5855855855855856,3.6793170319721433
0.5905905905905906,4.502983583934622
0.5955955955955956,5.166811125945593
0.6006006006006006,5.647236272725933
0.6056056056056056,5.9272057354093395
0.6106106106106106,5.996781649267271
0.6156156156156156,5.8534943305933105
0.6206206206206206,5.5024299412018305
0.6256256256256256,4.956049948780589
0.6306306306306306,4.2337487915765895
0.6356356356356356,3.361165448658303
0.6406406406406406,2.369273352425118
0.6456456456456456,1.2932809480523977
0.6506506506506506,0.17138192588440668
0.6556556556556556,-0.956600511167508
0.6606606606606606,-2.050627221805211
0.6656656656656657,-3.0718643655250126
0.6706706706706707,-3.9840618581470415
0.6756756756756757,-4.754840113696224
0.6806806806806807,-5.356839398128862
0.6856856856856857,-5.768690997164411
0.6906906906906907,-5.9757757254095125
0.6956956956956957,-5.970742852549062
0.7007007007007007,-5.753771026672773
0.7057057057057057,-5.332561932938701
0.7107107107107107,-4.7220669126676285
0.7157157157157157,-3.943956246863512
0.7207207207207207,-3.0258499426032
0.7257257257257257,-2.0003373264893183
0.7307307307307307,-0.9038202459185716
0.7357357357357357,0.22477905982328267
0.7407407407407407,1.3453995529156366
0.7457457457457457,2.4182634134290226
0.7507507507507507,3.4052880025793666
0.7557557557557557,4.271437653416808
0.7607607607607607,4.985967305454443
0.7657657657657657,5.523513838877556
0.7707707707707707,5.864996370066805
0.7757757757757757,5.998293551323746
0.7807807807807807,5.9186738332025
0.7857857857857857,5.628963416749517
0.7907907907907907,5.139445933977979
0.7957957957957957,4.467497417543053
0.8008008008008007,3.6369695168241423
0.8058058058058059,2.677342853927426
0.8108108108108109,1.622680572291316
0.8158158158158159,0.5104192229907871
0.8208208208208209,-0.6199600922632407
0.8258258258258259,-1.7283331519958507
0.8308308308308309,-2.7753568741766084
0.8358358358358359,-3.7238658479107096
0.8408408408408409,-4.540191565981624
0.8458458458458459,-5.195357530442559
0.8508508508508509,-5.6661078094959345
0.8558558558558559,-5.935732535753689
0.8608608608608609,-5.994661043789182
0.8658658658658659,-5.840801592825049
0.8708708708708709,-5.47961561567696
0.8758758758758759,-4.923923858394669
0.8808808808808809,-4.193451291915021
0.8858858858858859,-3.3141269496547485
0.8908908908908909,-2.3171635441794587
0.8958958958958959,-1.2379495331015522
0.9009009009009009,-0.11479296170722295
0.9059059059059059,1.012438328816516
0.9109109109109109,2.1037318600527106
0.9159159159159159,3.1203508091043313
0.9209209209209209,4.026209020362436
0.9259259259259259,4.7891519285382635
0.9309309309309309,5.382097925000662
0.9359359359359359,5.783999653199794
0.9409409409409409,5.980591110798378
0.9459459459459459,5.96489403919036
0.950950950950951,5.737465625480292
0.955955955955956,5.306378724433172
0.960960960960961,4.686935302441299
0.965965965965966,3.9011232751713583
0.970970970970971,2.9768360191160417
0.975975975975976,1.94688226145918
0.980980980980981,0.8478214934472156
0.985985985985986,-0.2813337542807982
0.990990990990991,-1.4005027100510057
0.995995995995996,-2.4699590780588156
1.001001001001001,-3.451741172710161
1.006006006006006,-4.310999415925873
1.011011011011011,-5.017233366314603
1.016016016016016,-5.545374370322455
1.021021021021021,-5.876675405309493
1.026026026026026,-5.9993765284642055
1.031031031031031,-5.909122310618474
1.0360360360360361,-5.609116437629807
1.0410410410410411,-5.110007991562203
1.0460460460460461,-4.429513448256816
1.0510510510510511,-3.591787808959322
1.0560560560560561,-2.626567188470211
1.0610610610610611,-1.5681132947188838
1.0660660660660661,-0.4539972667741028
1.0710710710710711,0.6762339595250725
1.0760760760760761,1.7824614193055957
1.0810810810810811,2.8254181912792453
1.0860860860860861,3.7680832260135695
1.0910910910910911,4.576995454184278
1.0960960960960962,5.223441528900743
1.1011011011011012,5.684475041710936
1.1061061061061062,5.943731033945025
1.1111111111111112,5.992006891302876
1.1161161161161162,5.827589002108862
1.1211211211211212,5.456313584092237
1.1261261261261262,4.891359520570882
1.1311311311311312,4.152780559576147
1.1361361361361362,3.2667934810930936
1.1411411411411412,2.2648474998067663
1.1461461461461462,1.1825079360628654
1.1511511511511512,0.058193780531765035
1.1561561561561562,-1.0681860357089856
1.1611611611611612,-2.1566492583825867
1.1661661661661662,-3.168559529918943
1.1711711711711712,-4.0679978350813535
1.1761761761761762,-4.8230374911427125
1.1811811811811812,-5.406877425247798
1.1861861861861862,-5.798793511869999
1.1911911911911912,-5.984874201455115
1.1961961961961962,-5.958514328196971
1.2012012012012012,-5.720649568623236
1.2062062062062062,-5.279723228591909
1.2112112112112112,-4.6513865376352435
1.2162162162162162,-3.8579430890767967
1.2212212212212212,-2.9275571462113357
1.2262262262262262,-1.8932539167059086
1.2312312312312312,-0.791747281726658
1.2362362362362362,0.3378634089934791
1.2412412412412412,1.4554812172644713
1.2462462462462462,2.5214349071938815
1.2512512512512513,3.497887125107943
1.2562562562562563,4.350177483539765
1.2612612612612613,5.048052874845498
1.2662662662662663,5.566741342935035
1.2712712712712713,5.887831394702231
1.2762762762762763,5.999925538900869
1.2812812812812813,5.8990448542899205
1.2862862862862863,5.588770226398044
1.2912912912912913,5.080115239532372
1.2962962962962963,4.391135235888125
1.3013013013013013,3.5462864186928753
1.3063063063063063,2.57555774881712
1.3113113113113113,1.5134064492625325
1.3163163163163163,0.39753490312130146
1.3213213213213213,-0.7324476394629544
1.3263263263263263,-1.8364310409553397
1.3313313313313313,-2.875228035711171
1.3363363363363363,-3.8119652307704697
1.3413413413413413,-4.61339197286036
1.3463463463463463,-5.251060621740414
1.3513513513513513,-5.702336334619353
1.3563563563563563,-5.951200518087415
1.3613613613613613,-5.988819428037746
1.3663663663663663,-5.813857734414208
1.3713713713713713,-5.432525920414639
1.3763763763763763,-4.858359833655779
1.3813813813813813,-4.1117402144056285
1.3863863863863863,-3.2191692558272065
1.3913913913913913,-2.2123298756285568
1.3963963963963963,-1.126961091443603
1.4014014014014013,-0.0015894198946132712
1.4064064064064064,1.1238386700928666
1.4114114114114114,2.209374706950597
1.4164164164164164,3.2164862372142906
1.4214214214214214,4.109424582944669
1.4264264264264264,4.856493785569201
1.4314314314314314,5.431175693403064
1.4364364364364364,5.813071256466875
1.4414414414414414,5.988624616168805
1.4464464464464464,5.951604287386761
1.4514514514514514,5.703324352792897
1.4564564564564564,5.252597817852685
1.4614614614614614,4.615423782221031
1.4664664664664664,3.814419531776023
1.4714714714714714,2.878017709891099
1.4764764764764764,1.8394570653506475
1.4814814814814814,0.7356026015692547
1.4864864864864864,-0.3943629926129002
1.4914914914914914,-1.510330181265516
1.4964964964964964,-2.572686319294932
1.5015015015015014,-3.543721752612319
1.5065065065065064,-4.388968369265483
1.5115115115115114,-5.078423087996885
1.5165165165165164,-5.587612854975743
1.5215215215215214,-5.898463345320721
1.5265265265265264,-5.999940533769777
1.5315315315315314,-5.888442361147728
1.5365365365365364,-5.567926593942274
1.5415415415415414,-5.04977033845395
1.5465465465465464,-4.352366196239848
1.5515515515515514,-3.500469395816821
1.5565565565565564,-2.5243190749969773
1.5615615615615615,-1.4585649050338372
1.5665665665665665,-0.3410371573915699
1.5715715715715715,0.7885961288515123
1.5765765765765765,1.8902372134491534
1.5815815815815815,2.9247819742119
1.5865865865865865,3.855507956520661
1.5915915915915915,4.6493778825851
1.5965965965965965,5.278212350760163
1.6016016016016015,5.719690098500031
1.6066066066066067,5.958140323369155
1.6116116116116117,5.985098937689807
1.6166166166166167,5.799609011874676
1.6216216216216217,5.40825474183426
1.6266266266266267,4.824927734743517
1.6316316316316317,4.070333909145907
1.6366366366366367,3.171258512589162
1.6416416416416417,2.1596153459075746
1.6466466466466467,1.0713139431183727
1.6516516516516517,-0.05501508220683128
1.6566566566566567,-1.179391278677914
1.6616616616616617,-2.261903512996898
1.6666666666666667,-3.2641266653362067
1.6716716716716717,-4.150485576818673
1.6766766766766767,-4.889517834083714
1.6816816816816818,-5.454990566830753
1.6866866866866868,-5.826831616218342
1.6916916916916918,-5.991842021138673
1.6966966966966968,-5.944164531778931
1.7017017017017018,-5.685491519997495
1.7067067067067068,-5.225004906477357
1.7117117117117118,-4.579050237016926
1.7167167167167168,-3.770556477026738
1.7217217217217218,-2.8282221193483448
1.7267267267267268,-1.7854964955119288
1.7317317317317318,-0.6793924500591445
1.7367367367367368,0.4508274764672023
1.7417417417417418,1.5650447202934479
1.7467467467467468,2.623708752796779
1.7517517517517518,3.5892409757718537
1.7567567567567568,4.427368620570878
1.7617617617617618,5.108341302707473
1.7667667667667668,5.607987048802783
1.7717717717717718,5.908570310881987
1.7767767767767768,5.999421511736332
1.7817817817817818,5.8773157748529625
1.7867867867867868,5.546587395422876
1.7917917917917918,5.018975989135404
1.7967967967967968,4.313209779899929
1.8018018018018018,3.4543408182156448
1.8068068068068068,2.4728557274410994
1.8118118118118118,1.4035935431329782
1.8168168168168168,0.28450905809323085
1.8218218218218218,-0.8446744302674447
1.8268268268268268,-1.9438751478386869
1.8318318318318318,-2.9740755962976726
1.8368368368368369,-3.898707527800643
1.8418418418418419,-4.684949980479441
1.8468468468468469,-5.304894299355647
1.8518518518518519,-5.736534788803791
1.8568568568568569,-5.964549832121879
1.8618618618618619,-5.980845751396469
1.8668668668668669,-5.784844102679333
1.8718718718718719,-5.3835022085757425
1.8768768768768769,-4.791066199414597
1.8818818818818819,-4.028565329111475
1.8868868868868869,-3.123065515612592
1.8918918918918919,-2.1067086024320045
1.896896896896897,-1.015571443889182
1.901901901901902,0.11161468776244886
1.906906906906907,1.2348389170763385
1.911911911911912,2.3142310012632397
1.916916916916917,3.311476574110322
1.921921921921922,4.191177162122861
1.926926926926927,4.922106697423821
1.931931931931932,5.47831992591901
1.936936936936937,5.840073366401457
1.941941941941942,5.994526130003761
1.946946946946947,5.936195723539248
1.951951951951952,5.667152657425222
1.956956956956957,5.1969469503371295
1.961961961961962,4.542269139403061
1.966966966966967,3.726357828803104
1.971971971971972,2.7781748065748713
1.976976976976977,1.7313770098804029
1.981981981981982,0.6231218301077855
1.986986986986987,-0.5072518350084076
1.991991991991992,-1.6196199645518126
1.996996996996997,-2.674497666514061
2.002002002002002,-3.6344407432073043
2.007007007007007,-4.465374819691357
2.012012012012012,-5.137804856145455
2.017017017017017,-5.627862111037535
2.022022022022022,-5.9181513918287605
2.027027027027027,-5.998368518995414
2.032032032032032,-5.8656660857130145
2.037037037037037,-5.5247545301074386
2.042042042042042,-4.98773493238774
2.047047047047047,-4.273669471934268
2.052052052052052,-3.407904791503425
2.057057057057057,-2.421172286578022
2.062062062062062,-1.3484972562147206
2.067067067067067,-0.22795563643627176
2.0720720720720722,0.9006775525344823
2.0770770770770772,1.9973400701494026
2.0820820820820822,3.023104514653739
2.0870870870870872,3.941560099688571
2.0920920920920922,4.720105100495054
2.0970970970970972,5.331104092734739
2.1021021021021022,5.7528689062908835
2.1071071071071072,5.9704284738756215
2.1121121121121122,5.976060247707043
2.1171171171171173,5.7695643209596374
2.1221221221221223,5.358270523706128
2.1271271271271273,4.756778241470921
2.1321321321321323,3.9864381918602456
2.1371371371371373,3.0745945542522843
2.1421421421421423,2.053614354097728
2.1471471471471473,0.9597385550447054
2.1521521521521523,-0.16820435919797294
2.1571571571571573,-1.2901766502432546
2.1621621621621623,-2.3663525144097957
2.1671671671671673,-3.3585317492195994
2.1721721721721723,-4.231495717155831
2.1771771771771773,-4.954257475060109
2.1821821821821823,-5.501161694268581
2.1871871871871873,-5.852795328451531
2.1921921921921923,-5.996676703868463
2.1971971971971973,-5.927698571921125
2.2022022022022023,-5.648309397302603
2.2072072072072073,-5.16842644669389
2.2122122122122123,-4.505083763033014
2.2172172172172173,-3.681827520948179
2.2222222222222223,-2.7278802259666493
2.2272272272272273,-1.677103425290162
2.2322322322322323,-0.5667957500085082
2.2372372372372373,0.5636310462598824
2.2422422422422423,1.6740510566421516
2.2472472472472473,2.7250485400455804
2.2522522522522523,3.679317031972165
2.2572572572572573,4.502983583934612
2.2622622622622623,5.166811125945586
2.2672672672672673,5.647236272725943
2.2722722722722724,5.927205735409338
2.2772772772772774,5.996781649267271
2.2822822822822824,5.8534943305932945
2.2872872872872874,5.502429941201837
2.2922922922922924,4.956049948780573
2.2972972972972974,4.2337487915766
2.3023023023023024,3.361165448658315
2.3073073073073074,2.3692733524250924
2.3123123123123124,1.293280948052412
2.3173173173173174,0.17138192588442136
2.3223223223223224,-0.9566005111675778
2.3273273273273274,-2.0506272218051977
2.3323323323323324,-3.071864365525
2.3373373373373374,-3.984061858147031
2.3423423423423424,-4.754840113696214
2.3473473473473474,-5.356839398128875
2.3523523523523524,-5.7686909971644065
2.3573573573573574,-5.975775725409511
2.3623623623623624,-5.970742852549059
2.3673673673673674,-5.753771026672778
2.3723723723723724,-5.332561932938707
2.3773773773773774,-4.722066912667585
2.3823823823823824,-3.9439562468635225
2.3873873873873874,-3.0258499426031755
2.3923923923923924,-2.000337326489332
2.3973973973973974,-0.903820245918586
2.4024024024024024,0.22477905982331053
2.4074074074074074,1.3453995529156224
2.4124124124124124,2.4182634134290093
2.4174174174174174,3.4052880025793897
2.4224224224224224,4.271437653416799
2.4274274274274275,4.985967305454435
2.4324324324324325,5.52351383887755
2.4374374374374375,5.864996370066802
2.4424424424424425,5.998293551323746
2.4474474474474475,5.918673833202503
2.4524524524524525,5.628963416749522
2.4574574574574575,5.139445933977964
2.4624624624624625,4.467497417543063
2.4674674674674675,3.6369695168241543
2.4724724724724725,2.677342853927401
2.4774774774774775,1.62268057229133
2.4824824824824825,0.5104192229908018
2.4874874874874875,-0.6199600922631836
2.4924924924924925,-1.7283331519958365
2.4974974974974975,-2.7753568741765955
2.5025025025025025,-3.723865847910665
2.5075075075075075,-4.540191565981615
2.5125125125125125,-5.195357530442552
2.5175175175175175,-5.666107809495916
2.5225225225225225,-5.9357325357536865
2.5275275275275275,-5.9946610437891845
2.5325325325325325,-5.840801592825053
2.5375375375375375,-5.479615615676966
2.5425425425425425,-4.923923858394703
2.5475475475475475,-4.193451291915031
2.5525525525525525,-3.3141269496547254
2.5575575575575575,-2.3171635441795115
2.5625625625625625,-1.2379495331015666
2.5675675675675675,-0.114792961707195
2.5725725725725725,1.0124383288164593
2.5775775775775776,2.1037318600526973
2.5825825825825826,3.1203508091042824
2.5875875875875876,4.026209020362425
2.5925925925925926,4.789151928538255
2.5975975975975976,5.382097925000636
2.6026026026026026,5.78399965319979
2.6076076076076076,5.98059111079838
2.6126126126126126,5.964894039190367
2.6176176176176176,5.737465625480296
2.6226226226226226,5.306378724433198
2.6276276276276276,4.686935302441308
2.6326326326326326,3.901123275171369
2.6376376376376376,2.9768360191160914
2.6426426426426426,1.9468822614591943
2.6476476476476476,0.8478214934471879
2.6526526526526526,-0.2813337542807409
2.6576576576576576,-1.4005027100509915
2.6626626626626626,-2.4699590780588405
2.6676676676676676,-3.4517411727101135
2.6726726726726726,-4.310999415925862
2.6776776776776776,-5.017233366314548
2.6826826826826826,-5.545374370322433
2.6876876876876876,-5.87667540530949
2.6926926926926926,-5.999376528464205
2.6976976976976976,-5.909122310618484
2.7027027027027026,-5.609116437629813
2.7077077077077076,-5.110007991562234
2.7127127127127126,-4.4295134482568255
2.7177177177177176,-3.5917878089594018
2.7227227227227226,-2.6265671884702626
2.7277277277277276,-1.568113294718898
2.7327327327327327,-0.45399726677420243
2.7377377377377377,0.6762339595250155
2.7427427427427427,1.7824614193055817
2.7477477477477477,2.8254181912791947
2.7527527527527527,3.768083226013525
2.7577577577577577,4.576995454184268
2.7627627627627627,5.223441528900714
2.7677677677677677,5.6844750417109315
2.7727727727727727,5.943731033945012
2.7777777777777777,5.992006891302879
2.7827827827827827,5.827589002108866
2.7877877877877877,5.456313584092261
2.7927927927927927,4.891359520570916
2.7977977977977977,4.152780559576158
2.8028028028028027,3.2667934810931416
2.8078078078078077,2.2648474998068195
2.8128128128128127,1.1825079360629633
2.8178178178178177,0.05819378053182235
2.8228228228228227,-1.0681860357089712
2.8278278278278277,-2.1566492583824934
2.8328328328328327,-3.1685595299188947
2.8378378378378377,-4.067997835081343
2.8428428428428427,-4.823037491142679
2.8478478478478477,-5.406877425247773
2.8528528528528527,-5.798793511869994
2.8578578578578577,-5.984874201455112
2.8628628628628627,-5.958514328196973
2.8678678678678677,-5.720649568623266
2.8728728728728727,-5.279723228591935
2.8778778778778777,-4.6513865376352515
2.8828828828828827,-3.8579430890768407
2.8878878878878878,-2.927557146211386
2.8928928928928928,-1.8932539167059224
2.8978978978978978,-0.7917472817267148
2.9029029029029028,0.3378634089934219
2.9079079079079078,1.455481217264457
2.9129129129129128,2.521434907193829
2.9179179179179178,3.4978871251079315
2.9229229229229228,4.350177483539696
2.9279279279279278,5.0480528748454665
2.932932932932933,5.56674134293503
2.937937937937938,5.8878313947022205
2.942942942942943,5.999925538900868
2.947947947947948,5.899044854289923
2.952952952952953,5.588770226398064
2.957957957957958,5.08011523953238
2.962962962962963,4.391135235888193
2.967967967967968,3.5462864186929215
2.972972972972973,2.5755577488171335
2.977977977977978,1.5134064492625883
2.982982982982983,0.39753490312135864
2.987987987987988,-0.7324476394629399
2.992992992992993,-1.836431040955285
2.997997997997998,-2.87522803571112
3.003003003003003,-3.8119652307704586
3.008008008008008,-4.613391972860324
3.013013013013013,-5.2510606217404066
3.018018018018018,-5.702336334619322
3.023023023023023,-5.951200518087408
3.028028028028028,-5.988819428037747
3.033033033033033,-5.813857734414223
3.038038038038038,-5.432525920414663
3.043043043043043,-4.858359833655788
3.048048048048048,-4.111740214405671
3.053053053053053,-3.219169255827219
3.058058058058058,-2.21232987562865
3.063063063063063,-1.1269610914436594
3.068068068068068,-0.001589419894627967
3.073073073073073,1.1238386700928102
3.078078078078078,2.209374706950544
3.083083083083083,3.216486237214278
3.088088088088088,4.109424582944627
3.093093093093093,4.856493785569167
3.098098098098098,5.431175693403059
3.103103103103103,5.813071256466851
3.108108108108108,5.988624616168803
3.113113113113113,5.9516042873867745
3.118118118118118,5.703324352792903
3.123123123123123,5.252597817852692
3.128128128128128,4.615423782221095
3.133133133133133,3.8144195317761005
3.138138138138138,2.878017709891112
3.143143143143143,1.8394570653505802
3.148148148148148,0.7356026015691847
3.153153153153153,-0.3943629926128004
3.158158158158158,-1.5103301812654193
3.163163163163163,-2.5726863192949185
3.168168168168168,-3.5437217526121696
3.173173173173173,-4.388968369265415
3.178178178178178,-5.078423087996832
3.183183183183183,-5.587612854975706
3.188188188188188,-5.898463345320702
3.193193193193193,-5.999940533769777
3.198198198198198,-5.888442361147715
3.203203203203203,-5.567926593942248
3.2082082082082084,-5.049770338453911
3.2132132132132134,-4.3523661962397995
3.2182182182182184,-3.500469395816695
3.2232232232232234,-2.5243190749969133
3.2282282282282284,-1.4585649050337688
3.2332332332332334,-0.3410371573914995
3.2382382382382384,0.7885961288514132
3.2432432432432434,1.8902372134491396
3.2482482482482484,2.924781974211887
3.2532532532532534,3.8555079565207153
3.2582582582582584,4.649377882585146
3.2632632632632634,5.278212350760196
3.2682682682682684,5.7196900985000525
3.2732732732732734,5.958140323369164
3.2782782782782784,5.985098937689809
3.2832832832832834,5.79960901187468
3.2882882882882885,5.408254741834229
3.2932932932932935,4.824927734743577
3.2982982982982985,4.0703339091459805
3.3033033033033035,3.171258512589247
3.3083083083083085,2.1596153459075884
3.3133133133133135,1.0713139431183034
3.3183183183183185,-0.05501508220690185
3.3233233233233235,-1.1793912786779832
3.3283283283283285,-2.2619035129969634
3.3333333333333335,-3.264126665336194
3.3383383383383385,-4.150485576818662
3.3433433433433435,-4.889517834083755
3.3483483483483485,-5.454990566830711
3.3533533533533535,-5.826831616218318
3.3583583583583585,-5.991842021138668
3.3633633633633635,-5.944164531778933
3.3683683683683685,-5.6854915199975
3.3733733733733735,-5.225004906477323
3.3783783783783785,-4.57905023701688
3.3833833833833835,-3.770556477026683
3.3883883883883885,-2.828222119348358
3.3933933933933935,-1.7854964955119428
3.3983983983983985,-0.6793924500590744
3.4034034034034035,0.4508274764672726
3.4084084084084085,1.5650447202933515
3.4134134134134135,2.6237087527967655
3.4184184184184185,3.5892409757718426
3.4234234234234235,4.427368620570867
3.4284284284284285,5.10834130270751
3.4334334334334335,5.607987048802807
3.4384384384384385,5.908570310881984
3.4434434434434436,5.999421511736332
3.4484484484484486,5.877315774852966
3.4534534534534536,5.546587395422849
3.4584584584584586,5.018975989135366
3.4634634634634636,4.313209779899999
3.4684684684684686,3.4543408182156567
3.4734734734734736,2.4728557274411127
3.4784784784784786,1.4035935431329927
3.4834834834834836,0.28450905809316035
3.4884884884884886,-0.8446744302673459
3.4934934934934936,-1.9438751478386729
3.4984984984984986,-2.9740755962976597
3.5035035035035036,-3.8987075278006316
3.5085085085085086,-4.684949980479485
3.5135135135135136,-5.304894299355679
3.5185185185185186,-5.7365347888037626
3.5235235235235236,-5.964549832121877
3.5285285285285286,-5.980845751396471
3.5335335335335336,-5.7848441026793145
3.5385385385385386,-5.383502208575711
3.5435435435435436,-4.791066199414657
3.5485485485485486,-4.028565329111487
3.5535535535535536,-3.1230655156126046
3.5585585585585586,-2.1067086024320183
3.5635635635635636,-1.0155714438891126
3.5685685685685686,0.1116146877625194
3.5735735735735736,1.2348389170762408
3.5785785785785786,2.3142310012632263
3.5835835835835836,3.3114765741103094
3.5885885885885886,4.191177162122911
3.5935935935935936,4.922106697423862
3.5985985985985987,5.47831992591897
3.6036036036036037,5.8400733664014535
3.6086086086086087,5.994526130003761
3.6136136136136137,5.93619572353925
3.6186186186186187,5.6671526574251985
3.6236236236236237,5.196946950337095
3.6286286286286287,4.54226913940307
3.6336336336336337,3.726357828803115
3.6386386386386387,2.778174806574884
3.6436436436436437,1.7313770098803352
3.6486486486486487,0.6231218301077153
3.6536536536536537,-0.5072518350083081
3.6586586586586587,-1.6196199645517981
3.6636636636636637,-2.6744976665140476
3.6686686686686687,-3.6344407432072927
3.6736736736736737,-4.465374819691347
3.6786786786786787,-5.1378048561454035
3.6836836836836837,-5.627862111037501
3.6886886886886887,-5.9181513918287445
3.6936936936936937,-5.998368518995415
3.6986986986986987,-5.865666085713017
3.7037037037037037,-5.524754530107445
3.7087087087087087,-4.987734932387795
3.7137137137137137,-4.273669471934338
3.7187187187187187,-3.4079047915034377
3.7237237237237237,-2.421172286578036
3.7287287287287287,-1.348497256214735
3.7337337337337337,-0.22795563643637162
3.7387387387387387,0.9006775525343835
3.7437437437437437,1.9973400701493085
3.7487487487487487,3.0231045146537263
3.7537537537537538,3.94156009968856
3.7587587587587588,4.720105100495097
3.7637637637637638,5.331104092734693
3.7687687687687688,5.752868906290856
3.7737737737737738,5.97042847387562
3.7787787787787788,5.976060247707044
3.7837837837837838,5.769564320959641
3.7887887887887888,5.358270523706173
3.793793793793794,4.756778241470982
3.798798798798799,3.9864381918603202
3.803803803803804,3.0745945542522968
3.808808808808809,2.053614354097742
3.813813813813814,0.9597385550446358
3.818818818818819,-0.16820435919787302
3.823823823823824,-1.2901766502431569
3.828828828828829,-2.366352514409782
3.833833833833834,-3.358531749219587
3.838838838838839,-4.231495717155821
3.843843843843844,-4.954257475060053
3.848848848848849,-5.501161694268541
3.853853853853854,-5.852795328451509
3.858858858858859,-5.996676703868463
3.863863863863864,-5.927698571921128
3.868868868868869,-5.648309397302579
3.873873873873874,-5.168426446693941
3.878878878878879,-4.50508376303308
3.883883883883884,-3.6818275209481905
3.888888888888889,-2.727880225966662
3.893893893893894,-1.6771034252901762
3.898898898898899,-0.5667957500086077
3.903903903903904,0.5636310462597829
3.908908908908909,1.6740510566421376
3.913913913913914,2.725048540045567
3.918918918918919,3.679317031972154
3.923923923923924,4.502983583934546
3.928928928928929,5.166811125945534
3.933933933933934,5.647236272725909
3.938938938938939,5.927205735409335
3.943943943943944,5.996781649267271
3.948948948948949,5.853494330593297
3.953953953953954,5.502429941201877
3.958958958958959,4.95604994878063
3.963963963963964,4.233748791576611
3.968968968968969,3.361165448658328
3.973973973973974,2.369273352425106
3.978978978978979,1.2932809480525096
3.983983983983984,0.17138192588452128
3.988988988988989,-0.9566005111674791
3.993993993993994,-2.050627221805184
3.998998998998999,-3.0718643655249873
4.004004004004004,-3.9840618581470837
4.009009009009009,-4.7548401136962575
4.014014014014014,-5.356839398128907
4.019019019019019,-5.768690997164449
4.024024024024024,-5.97577572540951
4.029029029029029,-5.97074285254906
4.034034034034034,-5.753771026672757
4.039039039039039,-5.332561932938675
4.044044044044044,-4.722066912667541
4.049049049049049,-3.943956246863534
4.054054054054054,-3.0258499426031884
4.059059059059059,-2.000337326489266
4.064064064064064,-0.9038202459185163
4.069069069069069,0.2247790598233811
4.074074074074074,1.3453995529157743
4.079079079079079,2.418263413428996
4.084084084084084,3.4052880025793777
4.089089089089089,4.2714376534168474
4.094094094094094,4.985967305454475
4.099099099099099,5.523513838877612
4.104104104104104,5.864996370066799
4.109109109109109,5.998293551323746
4.114114114114114,5.918673833202492
4.119119119119119,5.628963416749498
4.124124124124124,5.139445933977927
4.129129129129129,4.467497417542959
4.134134134134134,3.6369695168241654
4.1391391391391394,2.6773428539274144
4.1441441441441444,1.622680572291262
4.1491491491491495,0.5104192229907314
4.1541541541541545,-0.6199600922633386
4.1591591591591595,-1.7283331519958223
4.1641641641641645,-2.775356874176582
4.1691691691691695,-3.7238658479107203
4.1741741741741745,-4.540191565981662
4.1791791791791795,-5.195357530442587
4.1841841841841845,-5.666107809495911
4.1891891891891895,-5.935732535753685
4.1941941941941945,-5.994661043789181
4.1991991991991995,-5.840801592825037
4.2042042042042045,-5.479615615676938
4.2092092092092095,-4.923923858394614
4.2142142142142145,-4.193451291915041
4.2192192192192195,-3.314126949654738
4.2242242242242245,-2.3171635441794463
4.2292292292292295,-1.2379495331014976
4.2342342342342345,-0.11479296170712446
4.2392392392392395,1.012438328816445
4.2442442442442445,2.103731860052683
4.2492492492492495,3.120350809104343
4.2542542542542545,4.026209020362478
4.2592592592592595,4.789151928538297
4.2642642642642645,5.382097925000705
4.2692692692692695,5.7839996531997855
4.2742742742742745,5.980591110798379
4.2792792792792795,5.9648940391903595
4.2842842842842845,5.737465625480276
4.2892892892892895,5.3063787244331255
4.2942942942942945,4.6869353024413165
4.2992992992992995,3.90112327517138
4.3043043043043046,2.97683601911603
4.3093093093093096,1.9468822614591277
4.314314314314315,0.847821493447118
4.31931931931932,-0.2813337542808966
4.324324324324325,-1.400502710050977
4.32932932932933,-2.469959078058827
4.334334334334335,-3.4517411727101717
4.33933933933934,-4.310999415925911
4.344344344344345,-5.017233366314634
4.34934934934935,-5.545374370322428
4.354354354354355,-5.876675405309487
4.35935935935936,-5.9993765284642055
4.364364364364365,-5.909122310618471
4.36936936936937,-5.609116437629787
4.374374374374375,-5.110007991562151
4.37937937937938,-4.429513448256836
4.384384384384385,-3.591787808959345
4.38938938938939,-2.626567188470199
4.394394394394395,-1.56811329471883
4.3993993993994,-0.45399726677404706
4.404404404404405,0.676233959525001
4.40940940940941,1.7824614193055677
4.414414414414415,2.825418191279257
4.41941941941942,3.7680832260135793
4.424424424424425,4.576995454184314
4.42942942942943,5.223441528900707
4.434434434434435,5.684475041710927
4.43943943943944,5.943731033945022
4.444444444444445,5.992006891302875
4.44944944944945,5.82758900210885
4.454454454454455,5.456313584092197
4.45945945945946,4.891359520570925
4.464464464464465,4.152780559576168
4.46946946946947,3.2667934810930825
4.474474474474475,2.2648474998067543
4.47947947947948,1.1825079360628106
4.484484484484485,0.05819378053183705
4.48948948948949,-1.0681860357089565
4.494494494494495,-2.1566492583825596
4.4994994994995,-3.168559529918954
4.504504504504505,-4.067997835081394
4.50950950950951,-4.823037491142771
4.514514514514515,-5.406877425247766
4.51951951951952,-5.79879351186999
4.524524524524525,-5.984874201455116
4.52952952952953,-5.958514328196965
4.534534534534535,-5.7206495686232195
4.53953953953954,-5.279723228591942
4.544544544544545,-4.651386537635261
4.54954954954955,-3.8579430890767865
4.554554554554555,-2.927557146211324
4.55955955955956,-1.8932539167058553
4.564564564564565,-0.7917472817265603
4.56956956956957,0.3378634089934072
4.574574574574575,1.455481217264443
4.57957957957958,2.5214349071938935
4.584584584584585,3.4978871251079884
4.58958958958959,4.350177483539804
4.594594594594595,5.0480528748454585
4.5995995995996,5.566741342935025
4.604604604604605,5.887831394702234
4.60960960960961,5.999925538900869
4.614614614614615,5.899044854289911
4.61961961961962,5.588770226398069
4.624624624624625,5.080115239532388
4.62962962962963,4.391135235888145
4.634634634634635,3.5462864186928647
4.63963963963964,2.57555774881707
4.644644644644645,1.5134064492624373
4.64964964964965,0.3975349031213733
4.654654654654655,-0.7324476394629253
4.65965965965966,-1.8364310409553524
4.664664664664665,-2.875228035711182
4.66966966966967,-3.8119652307705127
4.674674674674675,-4.613391972860315
4.67967967967968,-5.2510606217403994
4.684684684684685,-5.7023363346193445
4.68968968968969,-5.951200518087417
4.694694694694695,-5.988819428037742
4.6996996996997,-5.813857734414185
4.704704704704705,-5.432525920414669
4.70970970970971,-4.858359833655797
4.714714714714715,-4.11174021440562
4.71971971971972,-3.219169255827159
4.724724724724725,-2.212329875628505
4.72972972972973,-1.1269610914436738
4.734734734734735,-0.0015894198946426628
4.73973973973974,1.1238386700928795
4.744744744744745,2.2093747069506096
4.74974974974975,3.2164862372143377
4.754754754754755,4.109424582944742
4.75975975975976,4.856493785569159
4.764764764764765,5.431175693403053
4.76976976976977,5.813071256466868
4.774774774774775,5.988624616168808
4.77977977977978,5.951604287386754
4.784784784784785,5.703324352792907
4.78978978978979,5.252597817852699
4.794794794794795,4.615423782221049
4.7997997997998,3.8144195317760468
4.804804804804805,2.87801770989105
4.80980980980981,1.8394570653506754
4.814814814814815,0.7356026015692839
4.81981981981982,-0.3943629926128708
4.824824824824825,-1.5103301812654877
4.82982982982983,-2.5726863192949825
4.834834834834835,-3.543721752612364
4.83983983983984,-4.388968369265463
4.844844844844845,-5.078423087996869
4.84984984984985,-5.587612854975732
4.854854854854855,-5.898463345320716
4.85985985985986,-5.999940533769777
4.864864864864865,-5.8884423611477335
4.86986986986987,-5.5679265939422855
4.874874874874875,-5.049770338453965
4.87987987987988,-4.352366196239869
4.884884884884885,-3.5004693958167756
4.88988988988989,-2.5243190749968494
4.894894894894895,-1.4585649050338656
4.8998998998999,-0.34103715739159923
4.904904904904905,0.7885961288514831
4.90990990990991,1.8902372134492065
4.914914914914915,2.9247819742119487
4.91991991991992,3.8555079565206394
4.924924924924925,4.649377882585082
4.92992992992993,5.278212350760149
4.934934934934935,5.719690098500023
4.93993993993994,5.958140323369152
4.944944944944945,5.985098937689805
4.94994994994995,5.799609011874705
4.954954954954955,5.408254741834273
4.95995995995996,4.824927734743535
4.964964964964965,4.070333909145928
4.96996996996997,3.171258512589187
4.974974974974975,2.1596153459076817
4.97997997997998,1.0713139431184018
4.984984984984985,-0.0550150822068019
4.98998998998999,-1.179391278677885
4.994994994994995,-2.261903512996871
5.0,-3.26412666533611
